Date,Mobile Operating System,Percent of Usage
01/12/2008,Android,0
01/12/2008,iOS,32.56
01/12/2008,SymbianOS,42.02
01/12/2008,Series 40,0
01/12/2008,BlackBerry OS,0
01/12/2008,Samsung,0
01/12/2008,Unknown,16
01/12/2008,Windows Phone,0
01/12/2008,Sony Ericsson,0
01/12/2008,Linux,1.66
01/12/2008,bada,0
01/12/2008,Nokia Unknown,0
01/12/2008,LG,0
01/12/2008,Playstation,4.47
01/12/2008,WinCE,2.22
01/12/2008,Nintendo 3DS,0
01/12/2008,Nintendo,0
01/12/2008,webOS,0
01/12/2008,WinXP,0
01/12/2008,Brew,0
01/12/2008,Motorola,0
01/12/2008,Win7,0
01/12/2008,MeeGo,0
01/12/2008,Maemo 5,0
01/12/2008,WinVista,0
01/12/2008,Other,1.07
01/01/2009,Android,0.66
01/01/2009,iOS,35.56
01/01/2009,SymbianOS,39.31
01/01/2009,Series 40,0
01/01/2009,BlackBerry OS,0.95
01/01/2009,Samsung,0
01/01/2009,Unknown,14.73
01/01/2009,Windows Phone,0
01/01/2009,Sony Ericsson,0
01/01/2009,Linux,1.24
01/01/2009,bada,0
01/01/2009,Nokia Unknown,0
01/01/2009,LG,0
01/01/2009,Playstation,4.33
01/01/2009,WinCE,2.1
01/01/2009,Nintendo 3DS,0
01/01/2009,Nintendo,0
01/01/2009,webOS,0
01/01/2009,WinXP,0
01/01/2009,Brew,0
01/01/2009,Motorola,0
01/01/2009,Win7,0
01/01/2009,MeeGo,0
01/01/2009,Maemo 5,0
01/01/2009,WinVista,0
01/01/2009,Other,1.12
01/02/2009,Android,2.06
01/02/2009,iOS,36.43
01/02/2009,SymbianOS,37.04
01/02/2009,Series 40,0
01/02/2009,BlackBerry OS,5.57
01/02/2009,Samsung,0
01/02/2009,Unknown,11.87
01/02/2009,Windows Phone,0
01/02/2009,Sony Ericsson,0
01/02/2009,Linux,0
01/02/2009,bada,0
01/02/2009,Nokia Unknown,0
01/02/2009,LG,0
01/02/2009,Playstation,3.58
01/02/2009,WinCE,1.94
01/02/2009,Nintendo 3DS,0
01/02/2009,Nintendo,0
01/02/2009,webOS,0
01/02/2009,WinXP,0
01/02/2009,Brew,0
01/02/2009,Motorola,0
01/02/2009,Win7,0
01/02/2009,MeeGo,0
01/02/2009,Maemo 5,0
01/02/2009,WinVista,0
01/02/2009,Other,1.52
01/03/2009,Android,2.18
01/03/2009,iOS,39.6
01/03/2009,SymbianOS,35.12
01/03/2009,Series 40,0
01/03/2009,BlackBerry OS,5.97
01/03/2009,Samsung,0
01/03/2009,Unknown,11.29
01/03/2009,Windows Phone,0
01/03/2009,Sony Ericsson,0
01/03/2009,Linux,0
01/03/2009,bada,0
01/03/2009,Nokia Unknown,0
01/03/2009,LG,0
01/03/2009,Playstation,3.18
01/03/2009,WinCE,1.7
01/03/2009,Nintendo 3DS,0
01/03/2009,Nintendo,0
01/03/2009,webOS,0
01/03/2009,WinXP,0
01/03/2009,Brew,0
01/03/2009,Motorola,0
01/03/2009,Win7,0
01/03/2009,MeeGo,0
01/03/2009,Maemo 5,0
01/03/2009,WinVista,0
01/03/2009,Other,0.95
01/04/2009,Android,2.02
01/04/2009,iOS,41.91
01/04/2009,SymbianOS,34.25
01/04/2009,Series 40,0
01/04/2009,BlackBerry OS,6.39
01/04/2009,Samsung,0
01/04/2009,Unknown,10.2
01/04/2009,Windows Phone,0
01/04/2009,Sony Ericsson,0
01/04/2009,Linux,0
01/04/2009,bada,0
01/04/2009,Nokia Unknown,0
01/04/2009,LG,0
01/04/2009,Playstation,2.85
01/04/2009,WinCE,1.55
01/04/2009,Nintendo 3DS,0
01/04/2009,Nintendo,0
01/04/2009,webOS,0
01/04/2009,WinXP,0
01/04/2009,Brew,0
01/04/2009,Motorola,0
01/04/2009,Win7,0
04/05/2019,MeeGo,0
04/05/2019,Maemo 5,0
04/05/2019,WinVista,0
04/05/2019,Other,0.85
04/05/2019,Android,1.86
04/05/2019,iOS,37.32
04/05/2019,SymbianOS,39.11
04/05/2019,Series 40,0
04/05/2019,BlackBerry OS,6.92
04/05/2019,Samsung,0
04/05/2019,Unknown,9.88
04/05/2019,Windows Phone,0
04/05/2019,Sony Ericsson,0
04/05/2019,Linux,0
04/05/2019,bada,0
04/05/2019,Nokia Unknown,0
04/05/2019,LG,0
04/05/2019,Playstation,2.68
04/05/2019,WinCE,1.41
04/05/2019,Nintendo 3DS,0
04/05/2019,Nintendo,0
04/05/2019,webOS,0
04/05/2019,WinXP,0
04/05/2019,Brew,0
04/05/2019,Motorola,0
04/05/2019,Win7,0
04/05/2019,MeeGo,0
04/05/2019,Maemo 5,0
04/05/2019,WinVista,0
04/05/2019,Other,0.82
04/05/2019,Android,0.13
04/05/2019,iOS,35.81
04/05/2019,SymbianOS,40.61
04/05/2019,Series 40,0
04/05/2019,BlackBerry OS,7.91
04/05/2019,Samsung,0
04/05/2019,Unknown,10.61
04/05/2019,Windows Phone,0
04/05/2019,Sony Ericsson,0
04/05/2019,Linux,0
04/05/2019,bada,0
04/05/2019,Nokia Unknown,0
04/05/2019,LG,0
04/05/2019,Playstation,2.75
04/05/2019,WinCE,1.35
04/05/2019,Nintendo 3DS,0
04/05/2019,Nintendo,0
04/05/2019,webOS,0
04/05/2019,WinXP,0
04/05/2019,Brew,0
04/05/2019,Motorola,0
04/05/2019,Win7,0
04/05/2019,MeeGo,0
04/05/2019,Maemo 5,0
04/05/2019,WinVista,0
04/05/2019,Other,0.83
04/05/2019,Android,2.21
04/05/2019,iOS,34.2
04/05/2019,SymbianOS,24.06
04/05/2019,Series 40,0
04/05/2019,BlackBerry OS,8.55
04/05/2019,Samsung,0.45
04/05/2019,Unknown,23.63
04/05/2019,Windows Phone,0
04/05/2019,Sony Ericsson,1.87
04/05/2019,Linux,0
04/05/2019,bada,0
04/05/2019,Nokia Unknown,0
04/05/2019,LG,0.06
04/05/2019,Playstation,2.59
04/05/2019,WinCE,1.42
04/05/2019,Nintendo 3DS,0
04/05/2019,Nintendo,0.08
04/05/2019,webOS,0.08
04/05/2019,WinXP,0
04/05/2019,Brew,0
04/05/2019,Motorola,0
04/05/2019,Win7,0
04/05/2019,MeeGo,0
04/05/2019,Maemo 5,0
04/05/2019,WinVista,0
04/05/2019,Other,0.79
04/05/2019,Android,2.28
04/05/2019,iOS,33.91
04/05/2019,SymbianOS,34.06
04/05/2019,Series 40,0
04/05/2019,BlackBerry OS,8.86
04/05/2019,Samsung,1.76
04/05/2019,Unknown,6.14
04/05/2019,Windows Phone,0
04/05/2019,Sony Ericsson,6.93
04/05/2019,Linux,0
04/05/2019,bada,0
04/05/2019,Nokia Unknown,0
04/05/2019,LG,0.34
04/05/2019,Playstation,2.15
04/05/2019,WinCE,2.21
04/05/2019,Nintendo 3DS,0
04/05/2019,Nintendo,0.32
04/05/2019,webOS,0.37
04/05/2019,WinXP,0
04/05/2019,Brew,0
04/05/2019,Motorola,0.03
04/05/2019,Win7,0
04/05/2019,MeeGo,0
04/05/2019,Maemo 5,0
04/05/2019,WinVista,0
04/05/2019,Other,0.64
04/05/2019,Android,2.32
04/05/2019,iOS,31.13
04/05/2019,SymbianOS,36.29
04/05/2019,Series 40,0
04/05/2019,BlackBerry OS,8.92
04/05/2019,Samsung,1.94
04/05/2019,Unknown,7.12
04/05/2019,Windows Phone,0
04/05/2019,Sony Ericsson,6.79
04/05/2019,Linux,0
04/05/2019,bada,0
04/05/2019,Nokia Unknown,0
04/05/2019,LG,0.34
04/05/2019,Playstation,1.74
04/05/2019,WinCE,2.1
04/05/2019,Nintendo 3DS,0
04/05/2019,Nintendo,0.27
04/05/2019,webOS,0.4
04/05/2019,WinXP,0
04/05/2019,Brew,0
04/05/2019,Motorola,0.02
04/05/2019,Win7,0
04/05/2019,MeeGo,0
04/05/2019,Maemo 5,0
04/05/2019,WinVista,0
04/05/2019,Other,0.62
04/05/2019,Android,2.56
04/05/2019,iOS,30.5
04/05/2019,SymbianOS,38.17
04/05/2019,Series 40,0
04/05/2019,BlackBerry OS,9.16
04/05/2019,Samsung,1.88
04/05/2019,Unknown,6.23
04/05/2019,Windows Phone,0
04/05/2019,Sony Ericsson,6.72
04/05/2019,Linux,0
04/05/2019,bada,0
04/05/2019,Nokia Unknown,0
04/05/2019,LG,0.28
04/05/2019,Playstation,1.55
04/05/2019,WinCE,1.66
04/05/2019,Nintendo 3DS,0
04/05/2019,Nintendo,0.25
04/05/2019,webOS,0.51
04/05/2019,WinXP,0
04/05/2019,Brew,0
04/05/2019,Motorola,0.02
04/05/2019,Win7,0
04/05/2019,MeeGo,0
04/05/2019,Maemo 5,0
04/05/2019,WinVista,0
04/05/2019,Other,0.52
04/05/2019,Android,3.31
04/05/2019,iOS,31.56
04/05/2019,SymbianOS,36.17
04/05/2019,Series 40,0
04/05/2019,BlackBerry OS,9.73
04/05/2019,Samsung,1.85
04/05/2019,Unknown,5.93
04/05/2019,Windows Phone,0
04/05/2019,Sony Ericsson,7.03
04/05/2019,Linux,0
04/05/2019,bada,0
04/05/2019,Nokia Unknown,0
04/05/2019,LG,0.28
04/05/2019,Playstation,1.58
04/05/2019,WinCE,1.38
04/05/2019,Nintendo 3DS,0
04/05/2019,Nintendo,0.24
04/05/2019,webOS,0.47
04/05/2019,WinXP,0
04/05/2019,Brew,0
04/05/2019,Motorola,0.01
04/05/2019,Win7,0
04/05/2019,MeeGo,0
04/05/2019,Maemo 5,0
04/05/2019,WinVista,0
04/05/2019,Other,0.46
04/05/2019,Android,4.07
04/05/2019,iOS,32.05
04/05/2019,SymbianOS,35.05
04/05/2019,Series 40,0
04/05/2019,BlackBerry OS,9.69
04/05/2019,Samsung,1.81
04/05/2019,Unknown,6.05
04/05/2019,Windows Phone,0
04/05/2019,Sony Ericsson,7.12
04/05/2019,Linux,0
04/05/2019,bada,0
04/05/2019,Nokia Unknown,0
04/05/2019,LG,0.27
04/05/2019,Playstation,1.55
04/05/2019,WinCE,1.17
04/05/2019,Nintendo 3DS,0
04/05/2019,Nintendo,0.35
04/05/2019,webOS,0.41
04/05/2019,WinXP,0
04/05/2019,Brew,0
04/05/2019,Motorola,0.01
04/05/2019,Win7,0
04/05/2019,MeeGo,0
04/05/2019,Maemo 5,0
04/05/2019,WinVista,0
04/05/2019,Other,0.38
04/05/2019,Android,4.54
04/05/2019,iOS,33.13
04/05/2019,SymbianOS,34.16
04/05/2019,Series 40,0
04/05/2019,BlackBerry OS,10.28
04/05/2019,Samsung,1.69
04/05/2019,Unknown,5.76
04/05/2019,Windows Phone,0
04/05/2019,Sony Ericsson,6.89
04/05/2019,Linux,0
04/05/2019,bada,0
04/05/2019,Nokia Unknown,0
04/05/2019,LG,0.25
04/05/2019,Playstation,1.2
04/05/2019,WinCE,0.99
04/05/2019,Nintendo 3DS,0
04/05/2019,Nintendo,0.38
04/05/2019,webOS,0.42
04/05/2019,WinXP,0
04/05/2019,Brew,0
04/05/2019,Motorola,0.01
04/05/2019,Win7,0
04/05/2019,MeeGo,0
04/05/2019,Maemo 5,0
04/05/2019,WinVista,0
04/05/2019,Other,0.3
04/05/2019,Android,5.35
04/05/2019,iOS,33.92
04/05/2019,SymbianOS,32.71
04/05/2019,Series 40,0
04/05/2019,BlackBerry OS,11.13
04/05/2019,Samsung,1.69
04/05/2019,Unknown,5.46
04/05/2019,Windows Phone,0
04/05/2019,Sony Ericsson,6.38
04/05/2019,Linux,0
04/05/2019,bada,0
04/05/2019,Nokia Unknown,0
04/05/2019,LG,0.24
04/05/2019,Playstation,1.11
04/05/2019,WinCE,0.85
04/05/2019,Nintendo 3DS,0
04/05/2019,Nintendo,0.42
04/05/2019,webOS,0.42
04/05/2019,WinXP,0
04/05/2019,Brew,0
04/05/2019,Motorola,0.01
04/05/2019,Win7,0
04/05/2019,MeeGo,0
04/05/2019,Maemo 5,0
04/05/2019,WinVista,0
04/05/2019,Other,0.3
04/05/2019,Android,5.9
04/05/2019,iOS,30.13
04/05/2019,SymbianOS,34.51
04/05/2019,Series 40,0
04/05/2019,BlackBerry OS,12.73
04/05/2019,Samsung,1.69
04/05/2019,Unknown,5.71
04/05/2019,Windows Phone,0
04/05/2019,Sony Ericsson,6.21
04/05/2019,Linux,0
04/05/2019,bada,0
04/05/2019,Nokia Unknown,0
04/05/2019,LG,0.22
04/05/2019,Playstation,1.1
04/05/2019,WinCE,0.73
04/05/2019,Nintendo 3DS,0
04/05/2019,Nintendo,0.35
04/05/2019,webOS,0.4
04/05/2019,WinXP,0.02
04/05/2019,Brew,0
04/05/2019,Motorola,0.01
04/05/2019,Win7,0
04/05/2019,MeeGo,0
04/05/2019,Maemo 5,0
04/05/2019,WinVista,0
04/05/2019,Other,0.26
04/05/2019,Android,5.58
04/05/2019,iOS,29.38
04/05/2019,SymbianOS,33.54
04/05/2019,Series 40,0
04/05/2019,BlackBerry OS,14.06
04/05/2019,Samsung,2.02
04/05/2019,Unknown,6.68
04/05/2019,Windows Phone,0
04/05/2019,Sony Ericsson,6.02
04/05/2019,Linux,0
04/05/2019,bada,0
04/05/2019,Nokia Unknown,0
04/05/2019,LG,0.17
04/05/2019,Playstation,1.16
04/05/2019,WinCE,0.5
04/05/2019,Nintendo 3DS,0
04/05/2019,Nintendo,0.26
04/05/2019,webOS,0.44
04/05/2019,WinXP,0.02
04/05/2019,Brew,0
04/05/2019,Motorola,0
04/05/2019,Win7,0
04/05/2019,MeeGo,0
04/05/2019,Maemo 5,0
04/05/2019,WinVista,0
04/05/2019,Other,0.17
04/05/2019,Android,3.94
04/05/2019,iOS,29.01
04/05/2019,SymbianOS,32.92
04/05/2019,Series 40,0
04/05/2019,BlackBerry OS,14.15
04/05/2019,Samsung,2.86
04/05/2019,Unknown,9.09
04/05/2019,Windows Phone,0
04/05/2019,Sony Ericsson,5.9
04/05/2019,Linux,0
04/05/2019,bada,0
04/05/2019,Nokia Unknown,0
04/05/2019,LG,0.07
04/05/2019,Playstation,1.02
04/05/2019,WinCE,0.17
04/05/2019,Nintendo 3DS,0
04/05/2019,Nintendo,0.25
04/05/2019,webOS,0.52
04/05/2019,WinXP,0.02
04/05/2019,Brew,0
04/05/2019,Motorola,0
04/05/2019,Win7,0
04/05/2019,MeeGo,0
04/05/2019,Maemo 5,0
04/05/2019,WinVista,0
04/05/2019,Other,0.07
04/05/2019,Android,3.95
04/05/2019,iOS,26.66
04/05/2019,SymbianOS,33.39
04/05/2019,Series 40,0
04/05/2019,BlackBerry OS,14.98
04/05/2019,Samsung,3.34
04/05/2019,Unknown,9.81
04/05/2019,Windows Phone,0
04/05/2019,Sony Ericsson,5.79
04/05/2019,Linux,0
04/05/2019,bada,0
04/05/2019,Nokia Unknown,0
04/05/2019,LG,0.07
04/05/2019,Playstation,1.02
04/05/2019,WinCE,0.15
04/05/2019,Nintendo 3DS,0
04/05/2019,Nintendo,0.25
04/05/2019,webOS,0.52
04/05/2019,WinXP,0.02
04/05/2019,Brew,0
04/05/2019,Motorola,0
04/05/2019,Win7,0
04/05/2019,MeeGo,0
04/05/2019,Maemo 5,0
04/05/2019,WinVista,0
04/05/2019,Other,0.06
04/05/2019,Android,7.91
04/05/2019,iOS,26.05
04/05/2019,SymbianOS,32.04
04/05/2019,Series 40,0
04/05/2019,BlackBerry OS,16.45
04/05/2019,Samsung,2.93
04/05/2019,Unknown,6.77
04/05/2019,Windows Phone,0
04/05/2019,Sony Ericsson,5.47
04/05/2019,Linux,0
04/05/2019,bada,0
04/05/2019,Nokia Unknown,0
04/05/2019,LG,0.15
04/05/2019,Playstation,0.92
04/05/2019,WinCE,0.38
04/05/2019,Nintendo 3DS,0
04/05/2019,Nintendo,0.24
04/05/2019,webOS,0.51
04/05/2019,WinXP,0.02
04/05/2019,Brew,0
04/05/2019,Motorola,0
04/05/2019,Win7,0
04/05/2019,MeeGo,0
04/05/2019,Maemo 5,0
04/05/2019,WinVista,0
04/05/2019,Other,0.16
04/05/2019,Android,9.22
04/05/2019,iOS,25.71
04/05/2019,SymbianOS,31.54
04/05/2019,Series 40,0
04/05/2019,BlackBerry OS,16.95
04/05/2019,Samsung,2.85
04/05/2019,Unknown,6.16
04/05/2019,Windows Phone,0
04/05/2019,Sony Ericsson,5.43
04/05/2019,Linux,0
04/05/2019,bada,0
04/05/2019,Nokia Unknown,0
04/05/2019,LG,0.16
04/05/2019,Playstation,0.7
04/05/2019,WinCE,0.38
04/05/2019,Nintendo 3DS,0
04/05/2019,Nintendo,0.23
04/05/2019,webOS,0.45
04/05/2019,WinXP,0.02
04/05/2019,Brew,0
04/05/2019,Motorola,0
04/05/2019,Win7,0
04/05/2019,MeeGo,0
04/05/2019,Maemo 5,0
04/05/2019,WinVista,0
04/05/2019,Other,0.19
04/05/2019,Android,9.79
04/05/2019,iOS,22.85
04/05/2019,SymbianOS,32.69
04/05/2019,Series 40,0
04/05/2019,BlackBerry OS,17.9
04/05/2019,Samsung,2.96
04/05/2019,Unknown,6.59
04/05/2019,Windows Phone,0
04/05/2019,Sony Ericsson,5.61
04/05/2019,Linux,0
04/05/2019,bada,0
04/05/2019,Nokia Unknown,0
04/05/2019,LG,0.13
04/05/2019,Playstation,0.46
04/05/2019,WinCE,0.34
04/05/2019,Nintendo 3DS,0
04/05/2019,Nintendo,0.15
04/05/2019,webOS,0.35
04/05/2019,WinXP,0.02
04/05/2019,Brew,0
04/05/2019,Motorola,0
04/05/2019,Win7,0
04/05/2019,MeeGo,0
04/05/2019,Maemo 5,0
04/05/2019,WinVista,0
04/05/2019,Other,0.16
04/05/2019,Android,10.67
04/05/2019,iOS,22.45
04/05/2019,SymbianOS,32.83
04/05/2019,Series 40,0
04/05/2019,BlackBerry OS,18.19
04/05/2019,Samsung,2.83
04/05/2019,Unknown,5.91
04/05/2019,Windows Phone,0
04/05/2019,Sony Ericsson,5.54
04/05/2019,Linux,0
04/05/2019,bada,0
04/05/2019,Nokia Unknown,0
04/05/2019,LG,0.12
04/05/2019,Playstation,0.4
04/05/2019,WinCE,0.49
04/05/2019,Nintendo 3DS,0
04/05/2019,Nintendo,0.13
04/05/2019,webOS,0.31
04/05/2019,WinXP,0.01
04/05/2019,Brew,0
04/05/2019,Motorola,0
04/05/2019,Win7,0
04/05/2019,MeeGo,0
04/05/2019,Maemo 5,0
04/05/2019,WinVista,0
04/05/2019,Other,0.13
04/05/2019,Android,11.61
04/05/2019,iOS,21.94
04/05/2019,SymbianOS,31.93
04/05/2019,Series 40,0
04/05/2019,BlackBerry OS,19.25
04/05/2019,Samsung,3.49
04/05/2019,Unknown,5.32
04/05/2019,Windows Phone,0
04/05/2019,Sony Ericsson,4.9
04/05/2019,Linux,0
04/05/2019,bada,0
04/05/2019,Nokia Unknown,0
04/05/2019,LG,0.12
04/05/2019,Playstation,0.37
04/05/2019,WinCE,0.44
04/05/2019,Nintendo 3DS,0
04/05/2019,Nintendo,0.13
04/05/2019,webOS,0.29
04/05/2019,WinXP,0
04/05/2019,Brew,0
04/05/2019,Motorola,0
04/05/2019,Win7,0
04/05/2019,MeeGo,0
04/05/2019,Maemo 5,0.1
04/05/2019,WinVista,0
04/05/2019,Other,0.11
04/05/2019,Android,13.6
04/05/2019,iOS,23.57
04/05/2019,SymbianOS,29.66
04/05/2019,Series 40,0
04/05/2019,BlackBerry OS,18.04
04/05/2019,Samsung,4.05
04/05/2019,Unknown,5.13
04/05/2019,Windows Phone,0
04/05/2019,Sony Ericsson,4.32
04/05/2019,Linux,0
04/05/2019,bada,0
04/05/2019,Nokia Unknown,0
04/05/2019,LG,0.12
04/05/2019,Playstation,0.42
04/05/2019,WinCE,0.4
04/05/2019,Nintendo 3DS,0
04/05/2019,Nintendo,0.15
04/05/2019,webOS,0.28
04/05/2019,WinXP,0
04/05/2019,Brew,0
04/05/2019,Motorola,0
04/05/2019,Win7,0
04/05/2019,MeeGo,0
04/05/2019,Maemo 5,0.14
04/05/2019,WinVista,0
04/05/2019,Other,0.1
04/05/2019,Android,14.61
04/05/2019,iOS,25.02
04/05/2019,SymbianOS,30.25
04/05/2019,Series 40,0
04/05/2019,BlackBerry OS,15.03
04/05/2019,Samsung,4.33
04/05/2019,Unknown,5.21
04/05/2019,Windows Phone,0.14
04/05/2019,Sony Ericsson,3.91
04/05/2019,Linux,0
04/05/2019,bada,0
04/05/2019,Nokia Unknown,0
04/05/2019,LG,0.12
04/05/2019,Playstation,0.39
04/05/2019,WinCE,0.37
04/05/2019,Nintendo 3DS,0
04/05/2019,Nintendo,0.16
04/05/2019,webOS,0.25
04/05/2019,WinXP,0
04/05/2019,Brew,0
04/05/2019,Motorola,0
04/05/2019,Win7,0
04/05/2019,MeeGo,0
04/05/2019,Maemo 5,0.13
04/05/2019,WinVista,0
04/05/2019,Other,0.09
04/05/2019,Android,15.16
04/05/2019,iOS,24.56
04/05/2019,SymbianOS,30.66
04/05/2019,Series 40,0
04/05/2019,BlackBerry OS,14.52
04/05/2019,Samsung,4.51
04/05/2019,Unknown,5.14
04/05/2019,Windows Phone,0.26
04/05/2019,Sony Ericsson,3.86
04/05/2019,Linux,0
04/05/2019,bada,0
04/05/2019,Nokia Unknown,0
04/05/2019,LG,0.11
04/05/2019,Playstation,0.34
04/05/2019,WinCE,0.35
04/05/2019,Nintendo 3DS,0
04/05/2019,Nintendo,0.13
04/05/2019,webOS,0.21
04/05/2019,WinXP,0
04/05/2019,Brew,0
04/05/2019,Motorola,0
04/05/2019,Win7,0
04/05/2019,MeeGo,0
04/05/2019,Maemo 5,0.12
04/05/2019,WinVista,0
04/05/2019,Other,0.07
04/05/2019,Android,15.8
04/05/2019,iOS,24.38
04/05/2019,SymbianOS,30.61
04/05/2019,Series 40,0
04/05/2019,BlackBerry OS,14.1
04/05/2019,Samsung,4.73
04/05/2019,Unknown,5.1
04/05/2019,Windows Phone,0.28
04/05/2019,Sony Ericsson,3.75
04/05/2019,Linux,0
04/05/2019,bada,0
04/05/2019,Nokia Unknown,0
04/05/2019,LG,0.11
04/05/2019,Playstation,0.32
04/05/2019,WinCE,0.32
04/05/2019,Nintendo 3DS,0
04/05/2019,Nintendo,0.14
04/05/2019,webOS,0.19
04/05/2019,WinXP,0
04/05/2019,Brew,0
04/05/2019,Motorola,0
04/05/2019,Win7,0
04/05/2019,MeeGo,0
04/05/2019,Maemo 5,0.11
04/05/2019,WinVista,0
04/05/2019,Other,0.07
04/05/2019,Android,16.05
04/05/2019,iOS,23.34
04/05/2019,SymbianOS,31.56
04/05/2019,Series 40,0
04/05/2019,BlackBerry OS,13.54
04/05/2019,Samsung,4.99
04/05/2019,Unknown,5.28
04/05/2019,Windows Phone,0.29
04/05/2019,Sony Ericsson,3.66
04/05/2019,Linux,0
04/05/2019,bada,0.12
04/05/2019,Nokia Unknown,0
04/05/2019,LG,0.1
04/05/2019,Playstation,0.31
04/05/2019,WinCE,0.29
04/05/2019,Nintendo 3DS,0
04/05/2019,Nintendo,0.13
04/05/2019,webOS,0.16
04/05/2019,WinXP,0
04/05/2019,Brew,0
04/05/2019,Motorola,0
04/05/2019,Win7,0
04/05/2019,MeeGo,0
04/05/2019,Maemo 5,0.1
04/05/2019,WinVista,0
04/05/2019,Other,0.06
04/05/2019,Android,17.63
04/05/2019,iOS,22.09
04/05/2019,SymbianOS,31.36
04/05/2019,Series 40,0
04/05/2019,BlackBerry OS,12.94
04/05/2019,Samsung,5.08
04/05/2019,Unknown,5.77
04/05/2019,Windows Phone,0.28
04/05/2019,Sony Ericsson,3.46
04/05/2019,Linux,0
04/05/2019,bada,0.37
04/05/2019,Nokia Unknown,0
04/05/2019,LG,0.1
04/05/2019,Playstation,0.28
04/05/2019,WinCE,0.26
04/05/2019,Nintendo 3DS,0
04/05/2019,Nintendo,0.11
04/05/2019,webOS,0.13
04/05/2019,WinXP,0
04/05/2019,Brew,0
04/05/2019,Motorola,0
04/05/2019,Win7,0
04/05/2019,MeeGo,0
04/05/2019,Maemo 5,0.09
04/05/2019,WinVista,0
04/05/2019,Other,0.06
04/05/2019,Android,17.92
04/05/2019,iOS,20.04
04/05/2019,SymbianOS,33.58
04/05/2019,Series 40,0
04/05/2019,BlackBerry OS,12.15
04/05/2019,Samsung,5.64
04/05/2019,Unknown,5.91
04/05/2019,Windows Phone,0.26
04/05/2019,Sony Ericsson,3.19
04/05/2019,Linux,0
04/05/2019,bada,0.39
04/05/2019,Nokia Unknown,0
04/05/2019,LG,0.1
04/05/2019,Playstation,0.26
04/05/2019,WinCE,0.23
04/05/2019,Nintendo 3DS,0
04/05/2019,Nintendo,0.1
04/05/2019,webOS,0.11
04/05/2019,WinXP,0
04/05/2019,Brew,0
04/05/2019,Motorola,0
04/05/2019,Win7,0
04/05/2019,MeeGo,0
04/05/2019,Maemo 5,0.07
04/05/2019,WinVista,0
04/05/2019,Other,0.05
04/05/2019,Android,18.93
04/05/2019,iOS,20.03
04/05/2019,SymbianOS,32.45
04/05/2019,Series 40,0
04/05/2019,BlackBerry OS,12.48
04/05/2019,Samsung,5.76
04/05/2019,Unknown,5.88
04/05/2019,Windows Phone,0.27
04/05/2019,Sony Ericsson,2.97
04/05/2019,Linux,0
04/05/2019,bada,0.39
04/05/2019,Nokia Unknown,0
04/05/2019,LG,0.09
04/05/2019,Playstation,0.24
04/05/2019,WinCE,0.21
04/05/2019,Nintendo 3DS,0
04/05/2019,Nintendo,0.1
04/05/2019,webOS,0.09
04/05/2019,WinXP,0
04/05/2019,Brew,0
04/05/2019,Motorola,0
04/05/2019,Win7,0
04/05/2019,MeeGo,0
04/05/2019,Maemo 5,0.06
04/05/2019,WinVista,0
04/05/2019,Other,0.05
04/05/2019,Android,20.6
04/05/2019,iOS,19.41
04/05/2019,SymbianOS,32.12
04/05/2019,Series 40,0
04/05/2019,BlackBerry OS,11.84
04/05/2019,Samsung,6.04
04/05/2019,Unknown,5.72
04/05/2019,Windows Phone,0.29
04/05/2019,Sony Ericsson,2.7
04/05/2019,Linux,0
04/05/2019,bada,0.45
04/05/2019,Nokia Unknown,0
04/05/2019,LG,0.09
04/05/2019,Playstation,0.26
04/05/2019,WinCE,0.21
04/05/2019,Nintendo 3DS,0
04/05/2019,Nintendo,0.09
04/05/2019,webOS,0.08
04/05/2019,WinXP,0
04/05/2019,Brew,0
04/05/2019,Motorola,0
04/05/2019,Win7,0
04/05/2019,MeeGo,0
04/05/2019,Maemo 5,0.06
04/05/2019,WinVista,0
04/05/2019,Other,0.04
04/05/2019,Android,20.9
04/05/2019,iOS,21.21
04/05/2019,SymbianOS,31.83
04/05/2019,Series 40,0
04/05/2019,BlackBerry OS,10.72
04/05/2019,Samsung,5.6
04/05/2019,Unknown,5.9
04/05/2019,Windows Phone,0.33
04/05/2019,Sony Ericsson,2.26
04/05/2019,Linux,0
04/05/2019,bada,0.47
04/05/2019,Nokia Unknown,0
04/05/2019,LG,0.08
04/05/2019,Playstation,0.25
04/05/2019,WinCE,0.18
04/05/2019,Nintendo 3DS,0
04/05/2019,Nintendo,0.09
04/05/2019,webOS,0.08
04/05/2019,WinXP,0
04/05/2019,Brew,0
04/05/2019,Motorola,0
04/05/2019,Win7,0
04/05/2019,MeeGo,0
04/05/2019,Maemo 5,0.06
04/05/2019,WinVista,0
04/05/2019,Other,0.03
04/05/2019,Android,22.11
04/05/2019,iOS,23.48
04/05/2019,SymbianOS,29.84
04/05/2019,Series 40,0
04/05/2019,BlackBerry OS,9.49
04/05/2019,Samsung,5.22
04/05/2019,Unknown,6.01
04/05/2019,Windows Phone,0.37
04/05/2019,Sony Ericsson,2.04
04/05/2019,Linux,0.07
04/05/2019,bada,0.48
04/05/2019,Nokia Unknown,0
04/05/2019,LG,0.08
04/05/2019,Playstation,0.29
04/05/2019,WinCE,0.17
04/05/2019,Nintendo 3DS,0
04/05/2019,Nintendo,0.11
04/05/2019,webOS,0.08
04/05/2019,WinXP,0
04/05/2019,Brew,0
04/05/2019,Motorola,0.05
04/05/2019,Win7,0.05
04/05/2019,MeeGo,0
04/05/2019,Maemo 5,0.05
04/05/2019,WinVista,0
04/05/2019,Other,0.03
04/05/2019,Android,21.9
04/05/2019,iOS,24.21
04/05/2019,SymbianOS,30.95
04/05/2019,Series 40,0
04/05/2019,BlackBerry OS,8.44
04/05/2019,Samsung,5.43
04/05/2019,Unknown,5.29
04/05/2019,Windows Phone,0.36
04/05/2019,Sony Ericsson,1.93
04/05/2019,Linux,0.1
04/05/2019,bada,0.51
04/05/2019,Nokia Unknown,0
04/05/2019,LG,0.08
04/05/2019,Playstation,0.27
04/05/2019,WinCE,0.15
04/05/2019,Nintendo 3DS,0
04/05/2019,Nintendo,0.1
04/05/2019,webOS,0.07
04/05/2019,WinXP,0
04/05/2019,Brew,0
04/05/2019,Motorola,0.06
04/05/2019,Win7,0.07
04/05/2019,MeeGo,0.01
04/05/2019,Maemo 5,0.05
04/05/2019,WinVista,0
04/05/2019,Other,0.03
04/05/2019,Android,21.83
04/05/2019,iOS,22.71
04/05/2019,SymbianOS,33.46
04/05/2019,Series 40,0
04/05/2019,BlackBerry OS,7.78
04/05/2019,Samsung,5.61
04/05/2019,Unknown,4.76
04/05/2019,Windows Phone,0.34
04/05/2019,Sony Ericsson,2
04/05/2019,Linux,0.1
04/05/2019,bada,0.5
04/05/2019,Nokia Unknown,0
04/05/2019,LG,0.08
04/05/2019,Playstation,0.27
04/05/2019,WinCE,0.14
04/05/2019,Nintendo 3DS,0.06
04/05/2019,Nintendo,0.09
04/05/2019,webOS,0.05
04/05/2019,WinXP,0
04/05/2019,Brew,0
04/05/2019,Motorola,0.05
04/05/2019,Win7,0.08
04/05/2019,MeeGo,0.02
04/05/2019,Maemo 5,0.04
04/05/2019,WinVista,0
04/05/2019,Other,0.03
04/05/2019,Android,23.21
04/05/2019,iOS,24.04
04/05/2019,SymbianOS,31.89
04/05/2019,Series 40,0
04/05/2019,BlackBerry OS,6.94
04/05/2019,Samsung,5.84
04/05/2019,Unknown,4.45
04/05/2019,Windows Phone,0.36
04/05/2019,Sony Ericsson,1.75
04/05/2019,Linux,0.11
04/05/2019,bada,0.52
04/05/2019,Nokia Unknown,0
04/05/2019,LG,0.07
04/05/2019,Playstation,0.23
04/05/2019,WinCE,0.12
04/05/2019,Nintendo 3DS,0.13
04/05/2019,Nintendo,0.07
04/05/2019,webOS,0.04
04/05/2019,WinXP,0
04/05/2019,Brew,0
04/05/2019,Motorola,0.06
04/05/2019,Win7,0.09
04/05/2019,MeeGo,0.02
04/05/2019,Maemo 5,0.04
04/05/2019,WinVista,0
04/05/2019,Other,0.02
04/05/2019,Android,24.76
04/05/2019,iOS,25.49
04/05/2019,SymbianOS,30.19
04/05/2019,Series 40,0
04/05/2019,BlackBerry OS,6.76
04/05/2019,Samsung,5.06
04/05/2019,Unknown,4.37
04/05/2019,Windows Phone,0.41
04/05/2019,Sony Ericsson,1.55
04/05/2019,Linux,0.1
04/05/2019,bada,0.52
04/05/2019,Nokia Unknown,0
04/05/2019,LG,0.06
04/05/2019,Playstation,0.18
04/05/2019,WinCE,0.11
04/05/2019,Nintendo 3DS,0.1
04/05/2019,Nintendo,0.06
04/05/2019,webOS,0.04
04/05/2019,WinXP,0
04/05/2019,Brew,0
04/05/2019,Motorola,0.05
04/05/2019,Win7,0.1
04/05/2019,MeeGo,0.03
04/05/2019,Maemo 5,0.03
04/05/2019,WinVista,0
04/05/2019,Other,0.02
04/05/2019,Android,23.61
04/05/2019,iOS,23.99
04/05/2019,SymbianOS,31.48
04/05/2019,Series 40,0
04/05/2019,BlackBerry OS,6.43
04/05/2019,Samsung,6.05
04/05/2019,Unknown,4.78
04/05/2019,Windows Phone,0.44
04/05/2019,Sony Ericsson,1.62
04/05/2019,Linux,0.11
04/05/2019,bada,0.64
04/05/2019,Nokia Unknown,0
04/05/2019,LG,0.07
04/05/2019,Playstation,0.2
04/05/2019,WinCE,0.12
04/05/2019,Nintendo 3DS,0.12
04/05/2019,Nintendo,0.06
04/05/2019,webOS,0.03
04/05/2019,WinXP,0
04/05/2019,Brew,0.01
04/05/2019,Motorola,0.06
04/05/2019,Win7,0.1
04/05/2019,MeeGo,0.03
04/05/2019,Maemo 5,0.03
04/05/2019,WinVista,0
04/05/2019,Other,0.02
04/05/2019,Android,23.79
04/05/2019,iOS,23.85
04/05/2019,SymbianOS,28.45
04/05/2019,Series 40,2.74
04/05/2019,BlackBerry OS,6.1
04/05/2019,Samsung,6.81
04/05/2019,Unknown,4.53
04/05/2019,Windows Phone,0.48
04/05/2019,Sony Ericsson,1.54
04/05/2019,Linux,0.11
04/05/2019,bada,0.7
04/05/2019,Nokia Unknown,0
04/05/2019,LG,0.07
04/05/2019,Playstation,0.19
04/05/2019,WinCE,0.1
04/05/2019,Nintendo 3DS,0.14
04/05/2019,Nintendo,0.06
04/05/2019,webOS,0.02
04/05/2019,WinXP,0
04/05/2019,Brew,0.07
04/05/2019,Motorola,0.05
04/05/2019,Win7,0.1
04/05/2019,MeeGo,0.03
04/05/2019,Maemo 5,0.03
04/05/2019,WinVista,0
04/05/2019,Other,0.02
04/05/2019,Android,23.81
04/05/2019,iOS,22.95
04/05/2019,SymbianOS,20.25
04/05/2019,Series 40,11.84
04/05/2019,BlackBerry OS,5.66
04/05/2019,Samsung,7.18
04/05/2019,Unknown,4.59
04/05/2019,Windows Phone,0.53
04/05/2019,Sony Ericsson,1.44
04/05/2019,Linux,0.11
04/05/2019,bada,0.77
04/05/2019,Nokia Unknown,0
04/05/2019,LG,0.07
04/05/2019,Playstation,0.18
04/05/2019,WinCE,0.1
04/05/2019,Nintendo 3DS,0.14
04/05/2019,Nintendo,0.06
04/05/2019,webOS,0.02
04/05/2019,WinXP,0
04/05/2019,Brew,0.1
04/05/2019,Motorola,0.04
04/05/2019,Win7,0.08
04/05/2019,MeeGo,0.03
04/05/2019,Maemo 5,0.03
04/05/2019,WinVista,0
04/05/2019,Other,0.02
04/05/2019,Android,25.07
04/05/2019,iOS,24.56
04/05/2019,SymbianOS,17.29
04/05/2019,Series 40,13.7
04/05/2019,BlackBerry OS,5.26
04/05/2019,Samsung,6.21
04/05/2019,Unknown,4.38
04/05/2019,Windows Phone,0.55
04/05/2019,Sony Ericsson,1.29
04/05/2019,Linux,0.11
04/05/2019,bada,0.74
04/05/2019,Nokia Unknown,0
04/05/2019,LG,0.06
04/05/2019,Playstation,0.17
04/05/2019,WinCE,0.09
04/05/2019,Nintendo 3DS,0.14
04/05/2019,Nintendo,0.05
04/05/2019,webOS,0.02
04/05/2019,WinXP,0
04/05/2019,Brew,0.1
04/05/2019,Motorola,0.04
04/05/2019,Win7,0.09
04/05/2019,MeeGo,0.03
04/05/2019,Maemo 5,0.02
04/05/2019,WinVista,0
04/05/2019,Other,0.02
04/05/2019,Android,26.53
04/05/2019,iOS,25.41
04/05/2019,SymbianOS,13.47
04/05/2019,Series 40,14.73
04/05/2019,BlackBerry OS,4.96
04/05/2019,Samsung,6.71
04/05/2019,Unknown,4.51
04/05/2019,Windows Phone,0.68
04/05/2019,Sony Ericsson,1.14
04/05/2019,Linux,0.12
04/05/2019,bada,0.72
04/05/2019,Nokia Unknown,0
04/05/2019,LG,0.06
04/05/2019,Playstation,0.18
04/05/2019,WinCE,0.08
04/05/2019,Nintendo 3DS,0.16
04/05/2019,Nintendo,0.06
04/05/2019,webOS,0.02
04/05/2019,WinXP,0.15
04/05/2019,Brew,0.1
04/05/2019,Motorola,0.04
04/05/2019,Win7,0.09
04/05/2019,MeeGo,0.03
04/05/2019,Maemo 5,0.02
04/05/2019,WinVista,0
04/05/2019,Other,0.05
04/05/2019,Android,28.21
04/05/2019,iOS,24.48
04/05/2019,SymbianOS,12.58
04/05/2019,Series 40,15
04/05/2019,BlackBerry OS,4.65
04/05/2019,Samsung,6.56
04/05/2019,Unknown,4.73
04/05/2019,Windows Phone,0.74
04/05/2019,Sony Ericsson,1.03
04/05/2019,Linux,0.13
04/05/2019,bada,0.71
04/05/2019,Nokia Unknown,0
04/05/2019,LG,0.05
04/05/2019,Playstation,0.17
04/05/2019,WinCE,0.07
04/05/2019,Nintendo 3DS,0.17
04/05/2019,Nintendo,0.06
04/05/2019,webOS,0.01
04/05/2019,WinXP,0.3
04/05/2019,Brew,0.1
04/05/2019,Motorola,0.04
04/05/2019,Win7,0.07
04/05/2019,MeeGo,0.04
04/05/2019,Maemo 5,0.02
04/05/2019,WinVista,0
04/05/2019,Other,0.07
04/05/2019,Android,29.25
04/05/2019,iOS,23.63
04/05/2019,SymbianOS,12.22
04/05/2019,Series 40,15.14
04/05/2019,BlackBerry OS,4.54
04/05/2019,Samsung,6.72
04/05/2019,Unknown,4.83
04/05/2019,Windows Phone,0.8
04/05/2019,Sony Ericsson,0.98
04/05/2019,Linux,0.12
04/05/2019,bada,0.69
04/05/2019,Nokia Unknown,0
04/05/2019,LG,0.05
04/05/2019,Playstation,0.13
04/05/2019,WinCE,0.07
04/05/2019,Nintendo 3DS,0.15
04/05/2019,Nintendo,0.05
04/05/2019,webOS,0.01
04/05/2019,WinXP,0.28
04/05/2019,Brew,0.11
04/05/2019,Motorola,0.04
04/05/2019,Win7,0.06
04/05/2019,MeeGo,0.04
04/05/2019,Maemo 5,0.02
04/05/2019,WinVista,0
04/05/2019,Other,0.06
04/05/2019,Android,30.19
04/05/2019,iOS,23.72
04/05/2019,SymbianOS,11.7
04/05/2019,Series 40,15
04/05/2019,BlackBerry OS,4.29
04/05/2019,Samsung,6.72
04/05/2019,Unknown,4.82
04/05/2019,Windows Phone,0.8
04/05/2019,Sony Ericsson,0.95
04/05/2019,Linux,0.11
04/05/2019,bada,0.66
04/05/2019,Nokia Unknown,0
04/05/2019,LG,0.04
04/05/2019,Playstation,0.12
04/05/2019,WinCE,0.07
04/05/2019,Nintendo 3DS,0.14
04/05/2019,Nintendo,0.05
04/05/2019,webOS,0.01
04/05/2019,WinXP,0.29
04/05/2019,Brew,0.11
04/05/2019,Motorola,0.04
04/05/2019,Win7,0.06
04/05/2019,MeeGo,0.04
04/05/2019,Maemo 5,0.01
04/05/2019,WinVista,0
04/05/2019,Other,0.05
04/05/2019,Android,31.67
04/05/2019,iOS,23.73
04/05/2019,SymbianOS,10.93
04/05/2019,Series 40,15.07
04/05/2019,BlackBerry OS,3.93
04/05/2019,Samsung,6.52
04/05/2019,Unknown,4.75
04/05/2019,Windows Phone,0.84
04/05/2019,Sony Ericsson,0.89
04/05/2019,Linux,0.1
04/05/2019,bada,0.58
04/05/2019,Nokia Unknown,0
04/05/2019,LG,0.04
04/05/2019,Playstation,0.11
04/05/2019,WinCE,0.06
04/05/2019,Nintendo 3DS,0.14
04/05/2019,Nintendo,0.05
04/05/2019,webOS,0.01
04/05/2019,WinXP,0.31
04/05/2019,Brew,0.07
04/05/2019,Motorola,0.04
04/05/2019,Win7,0.06
04/05/2019,MeeGo,0.03
04/05/2019,Maemo 5,0.01
04/05/2019,WinVista,0
04/05/2019,Other,0.05
04/05/2019,Android,33.19
04/05/2019,iOS,23.26
04/05/2019,SymbianOS,10.72
04/05/2019,Series 40,14.86
04/05/2019,BlackBerry OS,3.53
04/05/2019,Samsung,6.57
04/05/2019,Unknown,4.7
04/05/2019,Windows Phone,0.91
04/05/2019,Sony Ericsson,0.85
04/05/2019,Linux,0.09
04/05/2019,bada,0.55
04/05/2019,Nokia Unknown,0
04/05/2019,LG,0.04
04/05/2019,Playstation,0.11
04/05/2019,WinCE,0.02
04/05/2019,Nintendo 3DS,0.14
04/05/2019,Nintendo,0.04
04/05/2019,webOS,0.01
04/05/2019,WinXP,0.18
04/05/2019,Brew,0.07
04/05/2019,Motorola,0.04
04/05/2019,Win7,0.06
04/05/2019,MeeGo,0.03
04/05/2019,Maemo 5,0.01
04/05/2019,WinVista,0
04/05/2019,Other,0.03
04/05/2019,Android,36.87
04/05/2019,iOS,25.85
04/05/2019,SymbianOS,8.86
04/05/2019,Series 40,12.86
04/05/2019,BlackBerry OS,3.39
04/05/2019,Samsung,5.03
04/05/2019,Unknown,4.31
04/05/2019,Windows Phone,1.05
04/05/2019,Sony Ericsson,0.71
04/05/2019,Linux,0.09
04/05/2019,bada,0.44
04/05/2019,Nokia Unknown,0
04/05/2019,LG,0.03
04/05/2019,Playstation,0.1
04/05/2019,WinCE,0
04/05/2019,Nintendo 3DS,0.15
04/05/2019,Nintendo,0.04
04/05/2019,webOS,0.01
04/05/2019,WinXP,0.01
04/05/2019,Brew,0.07
04/05/2019,Motorola,0.03
04/05/2019,Win7,0.04
04/05/2019,MeeGo,0.03
04/05/2019,Maemo 5,0.01
04/05/2019,WinVista,0
04/05/2019,Other,0.02
04/05/2019,Android,36.9
04/05/2019,iOS,27.21
04/05/2019,SymbianOS,8.18
04/05/2019,Series 40,12.61
04/05/2019,BlackBerry OS,3.32
04/05/2019,Samsung,4.79
04/05/2019,Unknown,4.25
04/05/2019,Windows Phone,1.08
04/05/2019,Sony Ericsson,0.65
04/05/2019,Linux,0.08
04/05/2019,bada,0.41
04/05/2019,Nokia Unknown,0
04/05/2019,LG,0.03
04/05/2019,Playstation,0.09
04/05/2019,WinCE,0
04/05/2019,Nintendo 3DS,0.15
04/05/2019,Nintendo,0.04
04/05/2019,webOS,0.01
04/05/2019,WinXP,0.01
04/05/2019,Brew,0.07
04/05/2019,Motorola,0.03
04/05/2019,Win7,0.03
04/05/2019,MeeGo,0.03
04/05/2019,Maemo 5,0.01
04/05/2019,WinVista,0
04/05/2019,Other,0.02
04/05/2019,Android,37.23
04/05/2019,iOS,27.14
04/05/2019,SymbianOS,7.98
04/05/2019,Series 40,12.58
04/05/2019,BlackBerry OS,3.27
04/05/2019,Samsung,4.68
04/05/2019,Unknown,4.29
04/05/2019,Windows Phone,1.19
04/05/2019,Sony Ericsson,0.63
04/05/2019,Linux,0.08
04/05/2019,bada,0.4
04/05/2019,Nokia Unknown,0
04/05/2019,LG,0.03
04/05/2019,Playstation,0.1
04/05/2019,WinCE,0
04/05/2019,Nintendo 3DS,0.17
04/05/2019,Nintendo,0.04
04/05/2019,webOS,0.01
04/05/2019,WinXP,0.01
04/05/2019,Brew,0.06
04/05/2019,Motorola,0.03
04/05/2019,Win7,0.02
04/05/2019,MeeGo,0.03
04/05/2019,Maemo 5,0.01
04/05/2019,WinVista,0
04/05/2019,Other,0.02
04/05/2019,Android,38.34
04/05/2019,iOS,26.46
04/05/2019,SymbianOS,7.75
04/05/2019,Series 40,12.5
04/05/2019,BlackBerry OS,3.27
04/05/2019,Samsung,4.53
04/05/2019,Unknown,4.36
04/05/2019,Windows Phone,1.25
04/05/2019,Sony Ericsson,0.6
04/05/2019,Linux,0.08
04/05/2019,bada,0.39
04/05/2019,Nokia Unknown,0
04/05/2019,LG,0.03
04/05/2019,Playstation,0.09
04/05/2019,WinCE,0
04/05/2019,Nintendo 3DS,0.16
04/05/2019,Nintendo,0.04
04/05/2019,webOS,0
04/05/2019,WinXP,0.01
04/05/2019,Brew,0.03
04/05/2019,Motorola,0.03
04/05/2019,Win7,0.02
04/05/2019,MeeGo,0.03
04/05/2019,Maemo 5,0.01
04/05/2019,WinVista,0
04/05/2019,Other,0.02
04/05/2019,Android,38.27
04/05/2019,iOS,25.86
04/05/2019,SymbianOS,7.68
04/05/2019,Series 40,12.74
04/05/2019,BlackBerry OS,3.47
04/05/2019,Samsung,4.57
04/05/2019,Unknown,4.65
04/05/2019,Windows Phone,1.33
04/05/2019,Sony Ericsson,0.58
04/05/2019,Linux,0.07
04/05/2019,bada,0.37
04/05/2019,Nokia Unknown,0
04/05/2019,LG,0.03
04/05/2019,Playstation,0.09
04/05/2019,WinCE,0
04/05/2019,Nintendo 3DS,0.1
04/05/2019,Nintendo,0.04
04/05/2019,webOS,0
04/05/2019,WinXP,0.01
04/05/2019,Brew,0.03
04/05/2019,Motorola,0.03
04/05/2019,Win7,0.01
04/05/2019,MeeGo,0.03
04/05/2019,Maemo 5,0.01
04/05/2019,WinVista,0
04/05/2019,Other,0.02
04/05/2019,Android,37.93
04/05/2019,iOS,25.09
04/05/2019,SymbianOS,7.69
04/05/2019,Series 40,13.43
04/05/2019,BlackBerry OS,3.46
04/05/2019,Samsung,4.75
04/05/2019,Unknown,4.87
04/05/2019,Windows Phone,1.4
04/05/2019,Sony Ericsson,0.57
04/05/2019,Linux,0.06
04/05/2019,bada,0.35
04/05/2019,Nokia Unknown,0
04/05/2019,LG,0.03
04/05/2019,Playstation,0.08
04/05/2019,WinCE,0
04/05/2019,Nintendo 3DS,0.1
04/05/2019,Nintendo,0.04
04/05/2019,webOS,0
04/05/2019,WinXP,0.02
04/05/2019,Brew,0.03
04/05/2019,Motorola,0.03
04/05/2019,Win7,0.01
04/05/2019,MeeGo,0.02
04/05/2019,Maemo 5,0.01
04/05/2019,WinVista,0
04/05/2019,Other,0.02
04/05/2019,Android,38.34
04/05/2019,iOS,24.79
04/05/2019,SymbianOS,6.39
04/05/2019,Series 40,14.38
04/05/2019,BlackBerry OS,3.66
04/05/2019,Samsung,4.64
04/05/2019,Unknown,3.63
04/05/2019,Windows Phone,1.52
04/05/2019,Sony Ericsson,0.54
04/05/2019,Linux,1.11
04/05/2019,bada,0.32
04/05/2019,Nokia Unknown,0
04/05/2019,LG,0.31
04/05/2019,Playstation,0.08
04/05/2019,WinCE,0
04/05/2019,Nintendo 3DS,0.09
04/05/2019,Nintendo,0.04
04/05/2019,webOS,0
04/05/2019,WinXP,0.03
04/05/2019,Brew,0.03
04/05/2019,Motorola,0.03
04/05/2019,Win7,0.01
04/05/2019,MeeGo,0.02
04/05/2019,Maemo 5,0
04/05/2019,WinVista,0.01
04/05/2019,Other,0.03
04/05/2019,Android,39.52
04/05/2019,iOS,23.44
04/05/2019,SymbianOS,6.33
04/05/2019,Series 40,14.24
04/05/2019,BlackBerry OS,3.75
04/05/2019,Samsung,4.59
04/05/2019,Unknown,3.55
04/05/2019,Windows Phone,1.62
04/05/2019,Sony Ericsson,0.5
04/05/2019,Linux,1.49
04/05/2019,bada,0.31
04/05/2019,Nokia Unknown,0
04/05/2019,LG,0.32
04/05/2019,Playstation,0.07
04/05/2019,WinCE,0
04/05/2019,Nintendo 3DS,0.05
04/05/2019,Nintendo,0.04
04/05/2019,webOS,0
04/05/2019,WinXP,0.02
04/05/2019,Brew,0.03
04/05/2019,Motorola,0.03
04/05/2019,Win7,0.01
04/05/2019,MeeGo,0.02
04/05/2019,Maemo 5,0
04/05/2019,WinVista,0.02
04/05/2019,Other,0.03
04/05/2019,Android,39.82
04/05/2019,iOS,22.73
04/05/2019,SymbianOS,6.3
04/05/2019,Series 40,14.13
04/05/2019,BlackBerry OS,3.75
04/05/2019,Samsung,4.82
04/05/2019,Unknown,3.75
04/05/2019,Windows Phone,1.7
04/05/2019,Sony Ericsson,0.49
04/05/2019,Linux,1.61
04/05/2019,bada,0.3
04/05/2019,Nokia Unknown,0
04/05/2019,LG,0.33
04/05/2019,Playstation,0.05
04/05/2019,WinCE,0
04/05/2019,Nintendo 3DS,0.04
04/05/2019,Nintendo,0.03
04/05/2019,webOS,0
04/05/2019,WinXP,0.02
04/05/2019,Brew,0.02
04/05/2019,Motorola,0.02
04/05/2019,Win7,0.01
04/05/2019,MeeGo,0.02
04/05/2019,Maemo 5,0
04/05/2019,WinVista,0.03
04/05/2019,Other,0.04
04/05/2019,Android,39.39
04/05/2019,iOS,20.54
04/05/2019,SymbianOS,6.49
04/05/2019,Series 40,14.64
04/05/2019,BlackBerry OS,3.81
04/05/2019,Samsung,4.97
04/05/2019,Unknown,5.35
04/05/2019,Windows Phone,1.71
04/05/2019,Sony Ericsson,0.57
04/05/2019,Linux,1.6
04/05/2019,bada,0.25
04/05/2019,Nokia Unknown,0
04/05/2019,LG,0.41
04/05/2019,Playstation,0.04
04/05/2019,WinCE,0
04/05/2019,Nintendo 3DS,0.03
04/05/2019,Nintendo,0.02
04/05/2019,webOS,0
04/05/2019,WinXP,0.02
04/05/2019,Brew,0.02
04/05/2019,Motorola,0.02
04/05/2019,Win7,0.01
04/05/2019,MeeGo,0.02
04/05/2019,Maemo 5,0
04/05/2019,WinVista,0.03
04/05/2019,Other,0.05
04/05/2019,Android,41.31
04/05/2019,iOS,21.94
04/05/2019,SymbianOS,5.45
04/05/2019,Series 40,13.6
04/05/2019,BlackBerry OS,3.84
04/05/2019,Samsung,4.77
04/05/2019,Unknown,4.12
04/05/2019,Windows Phone,1.95
04/05/2019,Sony Ericsson,0.55
04/05/2019,Linux,1.1
04/05/2019,bada,0.25
04/05/2019,Nokia Unknown,0.5
04/05/2019,LG,0.39
04/05/2019,Playstation,0.03
04/05/2019,WinCE,0
04/05/2019,Nintendo 3DS,0.03
04/05/2019,Nintendo,0.02
04/05/2019,webOS,0
04/05/2019,WinXP,0.02
04/05/2019,Brew,0.02
04/05/2019,Motorola,0.03
04/05/2019,Win7,0.01
04/05/2019,MeeGo,0.02
04/05/2019,Maemo 5,0
04/05/2019,WinVista,0.03
04/05/2019,Other,0.01
04/05/2019,Android,42.99
04/05/2019,iOS,21.82
04/05/2019,SymbianOS,4.95
04/05/2019,Series 40,13.02
04/05/2019,BlackBerry OS,3.63
04/05/2019,Samsung,4.54
04/05/2019,Unknown,4.3
04/05/2019,Windows Phone,2.08
04/05/2019,Sony Ericsson,0.48
04/05/2019,Linux,0.81
04/05/2019,bada,0.25
04/05/2019,Nokia Unknown,0.61
04/05/2019,LG,0.34
04/05/2019,Playstation,0.03
04/05/2019,WinCE,0
04/05/2019,Nintendo 3DS,0.02
04/05/2019,Nintendo,0.02
04/05/2019,webOS,0
04/05/2019,WinXP,0.02
04/05/2019,Brew,0.02
04/05/2019,Motorola,0.02
04/05/2019,Win7,0
04/05/2019,MeeGo,0.02
04/05/2019,Maemo 5,0
04/05/2019,WinVista,0.03
04/05/2019,Other,0
04/05/2019,Android,44.53
04/05/2019,iOS,23.55
04/05/2019,SymbianOS,4.41
04/05/2019,Series 40,11.72
04/05/2019,BlackBerry OS,3.05
04/05/2019,Samsung,4.17
04/05/2019,Unknown,4.04
04/05/2019,Windows Phone,2.16
04/05/2019,Sony Ericsson,0.4
04/05/2019,Linux,0.64
04/05/2019,bada,0.24
04/05/2019,Nokia Unknown,0.61
04/05/2019,LG,0.3
04/05/2019,Playstation,0.04
04/05/2019,WinCE,0
04/05/2019,Nintendo 3DS,0.02
04/05/2019,Nintendo,0.02
04/05/2019,webOS,0
04/05/2019,WinXP,0.02
04/05/2019,Brew,0.01
04/05/2019,Motorola,0.02
04/05/2019,Win7,0
04/05/2019,MeeGo,0.02
04/05/2019,Maemo 5,0
04/05/2019,WinVista,0.03
04/05/2019,Other,0
04/05/2019,Android,47.45
04/05/2019,iOS,22.97
04/05/2019,SymbianOS,3.99
04/05/2019,Series 40,10.87
04/05/2019,BlackBerry OS,2.62
04/05/2019,Samsung,3.86
04/05/2019,Unknown,3.78
04/05/2019,Windows Phone,2.22
04/05/2019,Sony Ericsson,0.36
04/05/2019,Linux,0.54
04/05/2019,bada,0.23
04/05/2019,Nokia Unknown,0.62
04/05/2019,LG,0.27
04/05/2019,Playstation,0.08
04/05/2019,WinCE,0
04/05/2019,Nintendo 3DS,0.02
04/05/2019,Nintendo,0.01
04/05/2019,webOS,0
04/05/2019,WinXP,0.02
04/05/2019,Brew,0.01
04/05/2019,Motorola,0.01
04/05/2019,Win7,0
04/05/2019,MeeGo,0.01
04/05/2019,Maemo 5,0
04/05/2019,WinVista,0.03
04/05/2019,Other,0
04/05/2019,Android,48.26
04/05/2019,iOS,23.6
04/05/2019,SymbianOS,3.69
04/05/2019,Series 40,10.24
04/05/2019,BlackBerry OS,2.5
04/05/2019,Samsung,3.66
04/05/2019,Unknown,3.68
04/05/2019,Windows Phone,2.22
04/05/2019,Sony Ericsson,0.34
04/05/2019,Linux,0.52
04/05/2019,bada,0.22
04/05/2019,Nokia Unknown,0.64
04/05/2019,LG,0.25
04/05/2019,Playstation,0.08
04/05/2019,WinCE,0
04/05/2019,Nintendo 3DS,0.02
04/05/2019,Nintendo,0.01
04/05/2019,webOS,0
04/05/2019,WinXP,0.02
04/05/2019,Brew,0.01
04/05/2019,Motorola,0.01
04/05/2019,Win7,0
04/05/2019,MeeGo,0.01
04/05/2019,Maemo 5,0
04/05/2019,WinVista,0.03
04/05/2019,Other,0
04/05/2019,Android,49.95
04/05/2019,iOS,23.25
04/05/2019,SymbianOS,3.43
04/05/2019,Series 40,9.54
04/05/2019,BlackBerry OS,2.16
04/05/2019,Samsung,3.57
04/05/2019,Unknown,3.63
04/05/2019,Windows Phone,2.4
04/05/2019,Sony Ericsson,0.32
04/05/2019,Linux,0.48
04/05/2019,bada,0.21
04/05/2019,Nokia Unknown,0.65
04/05/2019,LG,0.23
04/05/2019,Playstation,0.08
04/05/2019,WinCE,0
04/05/2019,Nintendo 3DS,0.02
04/05/2019,Nintendo,0.01
04/05/2019,webOS,0
04/05/2019,WinXP,0.01
04/05/2019,Brew,0.01
04/05/2019,Motorola,0.01
04/05/2019,Win7,0
04/05/2019,MeeGo,0.01
04/05/2019,Maemo 5,0
04/05/2019,WinVista,0.02
04/05/2019,Other,0
04/05/2019,Android,52.23
04/05/2019,iOS,23.24
04/05/2019,SymbianOS,3.02
04/05/2019,Series 40,8.73
04/05/2019,BlackBerry OS,1.88
04/05/2019,Samsung,3.11
04/05/2019,Unknown,3.47
04/05/2019,Windows Phone,2.4
04/05/2019,Sony Ericsson,0.28
04/05/2019,Linux,0.47
04/05/2019,bada,0.18
04/05/2019,Nokia Unknown,0.63
04/05/2019,LG,0.21
04/05/2019,Playstation,0.07
04/05/2019,WinCE,0
04/05/2019,Nintendo 3DS,0.02
04/05/2019,Nintendo,0.01
04/05/2019,webOS,0
04/05/2019,WinXP,0
04/05/2019,Brew,0.01
04/05/2019,Motorola,0.01
04/05/2019,Win7,0
04/05/2019,MeeGo,0.01
04/05/2019,Maemo 5,0
04/05/2019,WinVista,0.02
04/05/2019,Other,0
04/05/2019,Android,52.98
04/05/2019,iOS,24.29
04/05/2019,SymbianOS,2.76
04/05/2019,Series 40,7.9
04/05/2019,BlackBerry OS,1.87
04/05/2019,Samsung,2.66
04/05/2019,Unknown,3.38
04/05/2019,Windows Phone,2.37
04/05/2019,Sony Ericsson,0.24
04/05/2019,Linux,0.48
04/05/2019,bada,0.17
04/05/2019,Nokia Unknown,0.57
04/05/2019,LG,0.19
04/05/2019,Playstation,0.06
04/05/2019,WinCE,0
04/05/2019,Nintendo 3DS,0.02
04/05/2019,Nintendo,0.01
04/05/2019,webOS,0
04/05/2019,WinXP,0
04/05/2019,Brew,0.01
04/05/2019,Motorola,0.01
04/05/2019,Win7,0
04/05/2019,MeeGo,0.01
04/05/2019,Maemo 5,0
04/05/2019,WinVista,0.02
04/05/2019,Other,0
04/05/2019,Android,53.51
04/05/2019,iOS,24.9
04/05/2019,SymbianOS,2.52
04/05/2019,Series 40,7.34
04/05/2019,BlackBerry OS,1.66
04/05/2019,Samsung,2.51
04/05/2019,Unknown,3.39
04/05/2019,Windows Phone,2.42
04/05/2019,Sony Ericsson,0.22
04/05/2019,Linux,0.5
04/05/2019,bada,0.15
04/05/2019,Nokia Unknown,0.56
04/05/2019,LG,0.18
04/05/2019,Playstation,0.07
04/05/2019,WinCE,0
04/05/2019,Nintendo 3DS,0.02
04/05/2019,Nintendo,0.01
04/05/2019,webOS,0
04/05/2019,WinXP,0
04/05/2019,Brew,0.01
04/05/2019,Motorola,0.01
04/05/2019,Win7,0
04/05/2019,MeeGo,0.01
04/05/2019,Maemo 5,0
04/05/2019,WinVista,0.02
04/05/2019,Other,0
04/05/2019,Android,54.87
04/05/2019,iOS,23.57
04/05/2019,SymbianOS,2.49
04/05/2019,Series 40,7.24
04/05/2019,BlackBerry OS,1.59
04/05/2019,Samsung,2.51
04/05/2019,Unknown,3.59
04/05/2019,Windows Phone,2.36
04/05/2019,Sony Ericsson,0.21
04/05/2019,Linux,0.54
04/05/2019,bada,0.14
04/05/2019,Nokia Unknown,0.58
04/05/2019,LG,0.17
04/05/2019,Playstation,0.06
04/05/2019,WinCE,0
04/05/2019,Nintendo 3DS,0.01
04/05/2019,Nintendo,0.01
04/05/2019,webOS,0
04/05/2019,WinXP,0
04/05/2019,Brew,0.01
04/05/2019,Motorola,0.01
04/05/2019,Win7,0
04/05/2019,MeeGo,0.01
04/05/2019,Maemo 5,0
04/05/2019,WinVista,0.02
04/05/2019,Other,0
04/05/2019,Android,55.7
04/05/2019,iOS,24.73
04/05/2019,SymbianOS,2.18
04/05/2019,Series 40,6.94
04/05/2019,BlackBerry OS,1.57
04/05/2019,Samsung,2.28
04/05/2019,Unknown,2.7
04/05/2019,Windows Phone,2.29
04/05/2019,Sony Ericsson,0.2
04/05/2019,Linux,0.36
04/05/2019,bada,0.14
04/05/2019,Nokia Unknown,0.64
04/05/2019,LG,0.17
04/05/2019,Playstation,0.04
04/05/2019,WinCE,0
04/05/2019,Nintendo 3DS,0.01
04/05/2019,Nintendo,0.01
04/05/2019,webOS,0
04/05/2019,WinXP,0.01
04/05/2019,Brew,0.01
04/05/2019,Motorola,0.01
04/05/2019,Win7,0
04/05/2019,MeeGo,0.01
04/05/2019,Maemo 5,0
04/05/2019,WinVista,0.02
04/05/2019,Other,0
04/05/2019,Android,57.43
04/05/2019,iOS,25.96
04/05/2019,SymbianOS,1.8
04/05/2019,Series 40,5.68
04/05/2019,BlackBerry OS,1.29
04/05/2019,Samsung,1.8
04/05/2019,Unknown,2.33
04/05/2019,Windows Phone,2.32
04/05/2019,Sony Ericsson,0.15
04/05/2019,Linux,0.32
04/05/2019,bada,0.11
04/05/2019,Nokia Unknown,0.55
04/05/2019,LG,0.13
04/05/2019,Playstation,0.06
04/05/2019,WinCE,0
04/05/2019,Nintendo 3DS,0.01
04/05/2019,Nintendo,0
04/05/2019,webOS,0
04/05/2019,WinXP,0.01
04/05/2019,Brew,0.01
04/05/2019,Motorola,0.01
04/05/2019,Win7,0
04/05/2019,MeeGo,0.01
04/05/2019,Maemo 5,0
04/05/2019,WinVista,0.02
04/05/2019,Other,0.01
04/05/2019,Android,59.9
04/05/2019,iOS,23.02
04/05/2019,SymbianOS,1.82
04/05/2019,Series 40,5.73
04/05/2019,BlackBerry OS,1.3
04/05/2019,Samsung,1.75
04/05/2019,Unknown,2.62
04/05/2019,Windows Phone,2.42
04/05/2019,Sony Ericsson,0.16
04/05/2019,Linux,0.35
04/05/2019,bada,0.11
04/05/2019,Nokia Unknown,0.58
04/05/2019,LG,0.13
04/05/2019,Playstation,0.04
04/05/2019,WinCE,0
04/05/2019,Nintendo 3DS,0.02
04/05/2019,Nintendo,0
04/05/2019,webOS,0
04/05/2019,WinXP,0
04/05/2019,Brew,0.01
04/05/2019,Motorola,0
04/05/2019,Win7,0
04/05/2019,MeeGo,0.01
04/05/2019,Maemo 5,0
04/05/2019,WinVista,0.02
04/05/2019,Other,0.01
04/05/2019,Android,58.96
04/05/2019,iOS,25.15
04/05/2019,SymbianOS,1.63
04/05/2019,Series 40,5.18
04/05/2019,BlackBerry OS,1.27
04/05/2019,Samsung,1.59
04/05/2019,Unknown,2.48
04/05/2019,Windows Phone,2.29
04/05/2019,Sony Ericsson,0.14
04/05/2019,Linux,0.27
04/05/2019,bada,0.1
04/05/2019,Nokia Unknown,0.74
04/05/2019,LG,0.12
04/05/2019,Playstation,0.04
04/05/2019,WinCE,0
04/05/2019,Nintendo 3DS,0.02
04/05/2019,Nintendo,0
04/05/2019,webOS,0
04/05/2019,WinXP,0
04/05/2019,Brew,0.01
04/05/2019,Motorola,0
04/05/2019,Win7,0
04/05/2019,MeeGo,0.01
04/05/2019,Maemo 5,0
04/05/2019,WinVista,0.02
04/05/2019,Other,0
